,ASO_SPF,ASO_bC,WT_SPF,Kruskal-Wallis
ASO_SPF,1.0,0.9330001786366011,0.09662858408463816,0.07849605410046921
ASO_bC,0.9330001786366011,1.0,0.09662858408463816,0.07849605410046921
WT_SPF,0.09662858408463816,0.09662858408463816,1.0,0.07849605410046921
