,WT_SPF,ASO_SPF,ASO_bC,Kruskal-Wallis
WT_SPF,1.0,0.12011619985619443,0.15350345416811237,0.20837055514468025
ASO_SPF,0.12011619985619443,1.0,0.8472466820845569,0.20837055514468025
ASO_bC,0.15350345416811237,0.8472466820845569,1.0,0.20837055514468025
