,WT_SPF,ASO_SPF,ASO_bC,Kruskal-Wallis
WT_SPF,1.0,6.283126571753361e-07,0.006582983785080661,7.056589752860742e-05
ASO_SPF,6.283126571753361e-07,1.0,0.0030453792163076567,7.056589752860742e-05
ASO_bC,0.006582983785080661,0.0030453792163076567,1.0,7.056589752860742e-05
