,WT_SPF,ASO_SPF,ASO_SPF-bC,Kruskal-Wallis
WT_SPF,1.0,0.00560920560067519,0.020960361498827317,0.007276785554293323
ASO_SPF,0.00560920560067519,1.0,0.3868223566453892,0.007276785554293323
ASO_SPF-bC,0.020960361498827317,0.3868223566453892,1.0,0.007276785554293323
