,WT_SPF,ASO_SPF,ASO_SPF-bC,Kruskal-Wallis
WT_SPF,1.0,1.1734072861174136e-06,5.059004073645735e-07,1.1489170486191648e-05
ASO_SPF,1.1734072861174136e-06,1.0,0.8423725649408353,1.1489170486191648e-05
ASO_SPF-bC,5.059004073645735e-07,0.8423725649408353,1.0,1.1489170486191648e-05
