,WT_SPF,ASO_SPF,ASO_SPF-bC,Kruskal-Wallis
WT_SPF,1.0,0.00016843399323787365,0.037983680384786965,0.000937527939525821
ASO_SPF,0.00016843399323787365,1.0,0.03021162014101242,0.000937527939525821
ASO_SPF-bC,0.037983680384786965,0.03021162014101242,1.0,0.000937527939525821
