,ASO_SPF,ASO_bC,WT_SPF,Kruskal-Wallis
ASO_SPF,1.0,0.3868223566453892,0.00560920560067519,0.007276785554293323
ASO_bC,0.3868223566453892,1.0,0.020960361498827317,0.007276785554293323
WT_SPF,0.00560920560067519,0.020960361498827317,1.0,0.007276785554293323
