,ASO_SPF,ASO_bC,WT_SPF,Kruskal-Wallis
ASO_SPF,1.0,0.6038565708983552,2.267569630927765e-07,4.198456508956678e-06
ASO_bC,0.6038565708983552,1.0,3.2170361135604266e-08,4.198456508956678e-06
WT_SPF,2.267569630927765e-07,3.2170361135604266e-08,1.0,4.198456508956678e-06
