,WT_SPF,ASO_SPF,ASO_SPF-bC,Kruskal-Wallis
WT_SPF,1.0,1.8849379715260082e-06,0.006582983785080661,7.056589752860742e-05
ASO_SPF,1.8849379715260082e-06,1.0,0.004568068824461485,7.056589752860742e-05
ASO_SPF-bC,0.006582983785080661,0.004568068824461485,1.0,7.056589752860742e-05
