,WT_SPF,ASO_SPF,ASO_SPF-bC,Kruskal-Wallis
WT_SPF,1.0,7.706948280322076e-06,3.7977320483561815e-06,3.3374528074606554e-05
ASO_SPF,7.706948280322076e-06,1.0,0.7633055264583775,3.3374528074606554e-05
ASO_SPF-bC,3.7977320483561815e-06,0.7633055264583775,1.0,3.3374528074606554e-05
