,ASO_SPF,ASO_bC,WT_SPF,Kruskal-Wallis
ASO_SPF,1.0,0.031326461054612245,0.00010068359677423353,0.0006223419477943169
ASO_bC,0.031326461054612245,1.0,0.010534803879057633,0.0006223419477943169
WT_SPF,0.00010068359677423353,0.010534803879057633,1.0,0.0006223419477943169
