,WT_SPF,ASO_SPF,ASO_bC,Kruskal-Wallis
WT_SPF,1.0,0.0018697352002250633,0.013973574332551544,0.007276785554293323
ASO_SPF,0.0018697352002250633,1.0,0.3868223566453892,0.007276785554293323
ASO_bC,0.013973574332551544,0.3868223566453892,1.0,0.007276785554293323
