,ASO_SPF,ASO_bC,WT_SPF,Kruskal-Wallis
ASO_SPF,1.0,0.004568068824461485,1.8849379715260082e-06,7.056589752860742e-05
ASO_bC,0.004568068824461485,1.0,0.006582983785080661,7.056589752860742e-05
WT_SPF,1.8849379715260082e-06,0.006582983785080661,1.0,7.056589752860742e-05
