,WT_SPF,ASO_SPF,ASO_bC,Kruskal-Wallis
WT_SPF,1.0,0.23025518125216857,0.23025518125216857,0.20837055514468025
ASO_SPF,0.23025518125216857,1.0,0.8472466820845569,0.20837055514468025
ASO_bC,0.23025518125216857,0.8472466820845569,1.0,0.20837055514468025
