,WT_SPF,ASO_SPF,ASO_SPF-bC,Kruskal-Wallis
WT_SPF,1.0,2.3607949713089342e-05,1.0563825999455336e-05,5.7166901878233e-05
ASO_SPF,2.3607949713089342e-05,1.0,0.8177866861461568,5.7166901878233e-05
ASO_SPF-bC,1.0563825999455336e-05,0.8177866861461568,1.0,5.7166901878233e-05
