,WT_SPF,ASO_SPF,ASO_SPF-bC,Kruskal-Wallis
WT_SPF,1.0,0.00010068359677423353,0.010534803879057633,0.0006223419477943169
ASO_SPF,0.00010068359677423353,1.0,0.031326461054612245,0.0006223419477943169
ASO_SPF-bC,0.010534803879057633,0.031326461054612245,1.0,0.0006223419477943169
