,WT_SPF,ASO_SPF,ASO_bC,Kruskal-Wallis
WT_SPF,1.0,0.06441905605642549,0.04373589734787275,0.0784960541004698
ASO_SPF,0.06441905605642549,1.0,0.9330001786366011,0.0784960541004698
ASO_bC,0.04373589734787275,0.9330001786366011,1.0,0.0784960541004698
