,WT_SPF,ASO_SPF,ASO_SPF-bC,Kruskal-Wallis
WT_SPF,1.0,0.03208367086117665,0.3134487204045338,0.040835505828134874
ASO_SPF,0.03208367086117665,1.0,0.15738266843595766,0.040835505828134874
ASO_SPF-bC,0.3134487204045338,0.15738266843595766,1.0,0.040835505828134874
