,ASO_SPF,ASO_bC,WT_SPF,Kruskal-Wallis
ASO_SPF,1.0,0.0026592077934886704,0.0006543106881431942,0.0015493420826462657
ASO_bC,0.0026592077934886704,1.0,0.5162728313871239,0.0015493420826462657
WT_SPF,0.0006543106881431942,0.5162728313871239,1.0,0.0015493420826462657
