,WT_SPF,ASO_SPF,ASO_bC,Kruskal-Wallis
WT_SPF,1.0,5.6144664412624544e-05,0.037983680384786965,0.000937527939525821
ASO_SPF,5.6144664412624544e-05,1.0,0.02014108009400828,0.000937527939525821
ASO_bC,0.037983680384786965,0.02014108009400828,1.0,0.000937527939525821
