,WT_SPF,ASO_SPF,ASO_bC,Kruskal-Wallis
WT_SPF,1.0,5.137965520214717e-06,1.2659106827853937e-06,3.3374528074606554e-05
ASO_SPF,5.137965520214717e-06,1.0,0.7633055264583775,3.3374528074606554e-05
ASO_bC,1.2659106827853937e-06,0.7633055264583775,1.0,3.3374528074606554e-05
