,WT_SPF,ASO_SPF,ASO_bC,Kruskal-Wallis
WT_SPF,1.0,0.01069455695372555,0.3134487204045338,0.040835505828134874
ASO_SPF,0.01069455695372555,1.0,0.1049217789573051,0.040835505828134874
ASO_bC,0.3134487204045338,0.1049217789573051,1.0,0.040835505828134874
