,WT_SPF,ASO_SPF,ASO_SPF-bC,Kruskal-Wallis
WT_SPF,1.0,0.0006543106881431942,0.5162728313871239,0.0015493420826462657
ASO_SPF,0.0006543106881431942,1.0,0.0026592077934886704,0.0015493420826462657
ASO_SPF-bC,0.5162728313871239,0.0026592077934886704,1.0,0.0015493420826462657
