,ASO_SPF,ASO_bC,WT_SPF,Kruskal-Wallis
ASO_SPF,1.0,0.003245536639053605,9.185880733982235e-07,4.8480008521333334e-05
ASO_bC,0.003245536639053605,1.0,0.003245536639053605,4.8480008521333334e-05
WT_SPF,9.185880733982235e-07,0.003245536639053605,1.0,4.8480008521333334e-05
