,WT_SPF,ASO_SPF,ASO_SPF-bC,Kruskal-Wallis
WT_SPF,1.0,0.09662858408463824,0.09662858408463824,0.0784960541004698
ASO_SPF,0.09662858408463824,1.0,0.9330001786366011,0.0784960541004698
ASO_SPF-bC,0.09662858408463824,0.9330001786366011,1.0,0.0784960541004698
