,WT_SPF,ASO_SPF,ASO_bC,Kruskal-Wallis
WT_SPF,1.0,1.573863314205956e-05,3.5212753331517784e-06,5.7166901878233e-05
ASO_SPF,1.573863314205956e-05,1.0,0.8177866861461568,5.7166901878233e-05
ASO_bC,3.5212753331517784e-06,0.8177866861461568,1.0,5.7166901878233e-05
