,ASO_SPF,ASO_bC,WT_SPF,Kruskal-Wallis
ASO_SPF,1.0,0.7319298126801443,1.2576569374818856e-05,5.6331292789915556e-05
ASO_bC,0.7319298126801443,1.0,1.2576569374818856e-05,5.6331292789915556e-05
WT_SPF,1.2576569374818856e-05,1.2576569374818856e-05,1.0,5.6331292789915556e-05
