,ASO_SPF,ASO_bC,WT_SPF,Kruskal-Wallis
ASO_SPF,1.0,0.09059004588375588,0.006197692525395027,0.011580912762417413
ASO_bC,0.09059004588375588,1.0,0.17529306889716367,0.011580912762417413
WT_SPF,0.006197692525395027,0.17529306889716367,1.0,0.011580912762417413
