,ASO_SPF,ASO_bC,WT_SPF,Kruskal-Wallis
ASO_SPF,1.0,0.7633055264583775,7.706948280322076e-06,3.3374528074606554e-05
ASO_bC,0.7633055264583775,1.0,3.7977320483561815e-06,3.3374528074606554e-05
WT_SPF,7.706948280322076e-06,3.7977320483561815e-06,1.0,3.3374528074606554e-05
