,WT_SPF,ASO_SPF,ASO_bC,Kruskal-Wallis
WT_SPF,1.0,0.00021810356271439806,0.5162728313871239,0.0015493420826462657
ASO_SPF,0.00021810356271439806,1.0,0.0017728051956591136,0.0015493420826462657
ASO_bC,0.5162728313871239,0.0017728051956591136,1.0,0.0015493420826462657
