,WT_SPF,ASO_SPF,ASO_Fpr,Kruskal-Wallis
WT_SPF,1.0,2.0453878813437557e-10,0.17302984011843336,4.460557336410156e-07
ASO_SPF,2.0453878813437557e-10,1.0,1.8444304403479011e-09,4.460557336410156e-07
ASO_Fpr,0.17302984011843336,1.8444304403479011e-09,1.0,4.460557336410156e-07
