,WT_SPF,ASO_SPF,ASO_Fpr,Kruskal-Wallis
WT_SPF,1.0,0.24534065613766604,0.5110892394170645,0.4945231061033477
ASO_SPF,0.24534065613766604,1.0,0.568810608229808,0.4945231061033477
ASO_Fpr,0.5110892394170645,0.568810608229808,1.0,0.4945231061033477
