,WT_SPF,ASO_SPF,ASO_SPF-Fp,Kruskal-Wallis
WT_SPF,1.0,6.4797688100878e-15,4.917253904075678e-09,4.2220084947516963e-10
ASO_SPF,6.4797688100878e-15,1.0,0.00023916306627912832,4.2220084947516963e-10
ASO_SPF-Fp,4.917253904075678e-09,0.00023916306627912832,1.0,4.2220084947516963e-10
