,group,pooled_FE,Q,df,p,I2 (%)
0,"('ASO_SPF', 'ASO_SPF-Fp')",0.5966873643321013,1.9617840635834662,1,0.16132264454577416,49.025990242098125
1,"('WT_SPF', 'ASO_SPF')",,,1,,0.0
2,"('WT_SPF', 'ASO_SPF-Fp')",-0.8344085257286428,0.004704340567566292,1,0.9453174153322076,0.0
