,group,pooled_FE,Q,df,p,I2 (%)
0,"('ASO_SPF', 'ASO_SPF-Fp')",-0.9527332315021273,4.719060880225824,1,0.029830030423805387,78.80934310065213
1,"('WT_SPF', 'ASO_SPF')",0.9423402053446905,6.423796064531428,1,0.011260121797743161,84.43288065258741
2,"('WT_SPF', 'ASO_SPF-Fp')",0.09145869169407811,1.5066371005220751,1,0.2196529529721567,33.62701611068232
