,WT_SPF,ASO_SPF,ASO_SPF-Fp,Kruskal-Wallis
WT_SPF,1.0,0.7640940710109074,0.7640940710109074,0.6358766388563656
ASO_SPF,0.7640940710109074,1.0,0.8082591338039133,0.6358766388563656
ASO_SPF-Fp,0.7640940710109074,0.8082591338039133,1.0,0.6358766388563656
