,group,pooled_FE,Q,df,p,I2 (%)
0,"('ASO_SPF', 'ASO_SPF-Fp')",0.4008557712377374,6.398381129569932,1,0.011422447401080116,84.37104667962761
1,"('WT_SPF', 'ASO_SPF')",-0.4207280342854894,0.8629806083267436,1,0.3529059316252666,0.0
2,"('WT_SPF', 'ASO_SPF-Fp')",0.053097301299261275,5.014128851289334,1,0.025141276335927776,80.05635615560897
