,WT_SPF,ASO_SPF,ASO_SPF-Fp,Kruskal-Wallis
WT_SPF,1.0,0.06878556041717744,0.9577121883690143,0.0583235067592959
ASO_SPF,0.06878556041717744,1.0,0.06878556041717744,0.0583235067592959
ASO_SPF-Fp,0.9577121883690143,0.06878556041717744,1.0,0.0583235067592959
