,group,Cliff's delta,Cdelta CI,Exp,CI_lower,CI_higher
0,"('WT_SPF', 'ASO_SPF')",-0.23232323232323232,"(-0.696969696969697, 0.31313131313131315)",Exp1,-0.696969696969697,0.31313131313131315
1,"('WT_SPF', 'ASO_SPF-Fp')",-0.3333333333333333,"(-0.7348484848484849, 0.16666666666666666)",Exp1,-0.7348484848484849,0.16666666666666666
2,"('ASO_SPF', 'ASO_SPF-Fp')",-0.14814814814814814,"(-0.6296296296296297, 0.37037037037037035)",Exp1,-0.6296296296296297,0.37037037037037035
0,"('WT_SPF', 'ASO_SPF')",-0.5364583333333334,"(-0.84375, -0.052083333333333336)",Exp2,-0.84375,-0.052083333333333336
1,"('WT_SPF', 'ASO_SPF-Fp')",0.35294117647058826,"(-0.10784313725490197, 0.6862745098039216)",Exp2,-0.10784313725490197,0.6862745098039216
2,"('ASO_SPF', 'ASO_SPF-Fp')",0.6102941176470589,"(0.22058823529411764, 0.8382352941176471)",Exp2,0.22058823529411764,0.8382352941176471
