,group,pooled_FE,Q,df,p,I2 (%)
0,"('ASO_SPF', 'ASO_SPF-Fp')",-0.18038652548325024,0.9158397411244614,1,0.3385696966619516,0.0
1,"('WT_SPF', 'ASO_SPF')",0.6901582465938901,3.7918610814927636,1,0.051502354030449116,73.62772584468405
2,"('WT_SPF', 'ASO_SPF-Fp')",0.5383034482758621,3.2291058935172408,1,0.07234017434493811,69.03167523841192
