,group,pooled_FE,Q,df,p,I2 (%)
0,"('ASO_SPF', 'ASO_SPF-Fp')",-0.24450685912449488,0.0024104936205984694,1,0.9608421710101427,0.0
1,"('WT_SPF', 'ASO_SPF')",0.9292390188095795,0.9976353085128988,1,0.3178833712981145,0.0
2,"('WT_SPF', 'ASO_SPF-Fp')",0.740042612044876,0.24988519956766111,1,0.6171559235577477,0.0
