,WT_SPF,ASO_SPF,ASO_SPF-Fp,Kruskal-Wallis
WT_SPF,1.0,1.799057066783703e-09,4.2379981139149024e-07,8.79368993946784e-08
ASO_SPF,1.799057066783703e-09,1.0,0.0839070772923492,8.79368993946784e-08
ASO_SPF-Fp,4.2379981139149024e-07,0.0839070772923492,1.0,8.79368993946784e-08
