,WT_SPF,ASO_SPF,ASO_Fpr,Kruskal-Wallis
WT_SPF,1.0,1.4765807833254832e-06,0.000160426873039854,6.656135572079036e-05
ASO_SPF,1.4765807833254832e-06,1.0,0.10546371302528298,6.656135572079036e-05
ASO_Fpr,0.000160426873039854,0.10546371302528298,1.0,6.656135572079036e-05
