,WT_SPF,ASO_SPF,ASO_Fpr,Kruskal-Wallis
WT_SPF,1.0,5.673247788240799e-07,1.1171299753452911e-05,2.714063517716188e-05
ASO_SPF,5.673247788240799e-07,1.0,0.2934273372287817,2.714063517716188e-05
ASO_Fpr,1.1171299753452911e-05,0.2934273372287817,1.0,2.714063517716188e-05
