,WT_SPF,ASO_SPF,ASO_Fpr,Kruskal-Wallis
WT_SPF,1.0,2.064377139334448e-05,0.0009528288497020176,0.00034789511587313734
ASO_SPF,2.064377139334448e-05,1.0,0.1495964214893403,0.00034789511587313734
ASO_Fpr,0.0009528288497020176,0.1495964214893403,1.0,0.00034789511587313734
