,WT_SPF,ASO_SPF,ASO_Fpr,Kruskal-Wallis
WT_SPF,1.0,0.00040917553876180065,0.004558222216777521,0.0007632956471597887
ASO_SPF,0.00040917553876180065,1.0,0.2464817437384232,0.0007632956471597887
ASO_Fpr,0.004558222216777521,0.2464817437384232,1.0,0.0007632956471597887
