,WT_SPF,ASO_SPF,ASO_Fpr,Kruskal-Wallis
WT_SPF,1.0,1.278525883364202e-07,0.8916665091814405,3.254629593845345e-07
ASO_SPF,1.278525883364202e-07,1.0,1.1033009863024407e-07,3.254629593845345e-07
ASO_Fpr,0.8916665091814405,1.1033009863024407e-07,1.0,3.254629593845345e-07
