,WT_SPF,ASO_SPF,ASO_Fpr,Kruskal-Wallis
WT_SPF,1.0,1.9590805434239584e-11,0.0008374047049773593,1.3007301499034528e-08
ASO_SPF,1.9590805434239584e-11,1.0,4.220272561747271e-06,1.3007301499034528e-08
ASO_Fpr,0.0008374047049773593,4.220272561747271e-06,1.0,1.3007301499034528e-08
