,ASO_SPF,ASO_Fpr,WT_SPF,Kruskal-Wallis
ASO_SPF,1.0,0.0002391630662791249,6.4797688100875425e-15,4.2220084947515707e-10
ASO_Fpr,0.0002391630662791249,1.0,4.9172539040755695e-09,4.2220084947515707e-10
WT_SPF,6.4797688100875425e-15,4.9172539040755695e-09,1.0,4.2220084947515707e-10
