,WT_SPF,ASO_SPF,ASO_Fpr,Kruskal-Wallis
WT_SPF,1.0,0.00013992207950728003,0.23325191953190763,0.00024856768423161965
ASO_SPF,0.00013992207950728003,1.0,0.0016777736756115292,0.00024856768423161965
ASO_Fpr,0.23325191953190763,0.0016777736756115292,1.0,0.00024856768423161965
