,WT_SPF,ASO_SPF,ASO_Fpr,Kruskal-Wallis
WT_SPF,1.0,5.278404173544844e-10,4.7334597774297384e-07,5.369386334288302e-08
ASO_SPF,5.278404173544844e-10,1.0,0.046241846559995296,5.369386334288302e-08
ASO_Fpr,4.7334597774297384e-07,0.046241846559995296,1.0,5.369386334288302e-08
