,WT_SPF,ASO_SPF,ASO_Fpr,Kruskal-Wallis
WT_SPF,1.0,3.0194158853270332e-06,0.02701785785844888,2.26269287718972e-05
ASO_SPF,3.0194158853270332e-06,1.0,0.0019806573557337084,2.26269287718972e-05
ASO_Fpr,0.02701785785844888,0.0019806573557337084,1.0,2.26269287718972e-05
