,WT_SPF,ASO_SPF,ASO_Fpr,Kruskal-Wallis
WT_SPF,1.0,0.0038030485786833706,0.0019881655168873438,0.005714935614929976
ASO_SPF,0.0038030485786833706,1.0,0.8343074274934625,0.005714935614929976
ASO_Fpr,0.0019881655168873438,0.8343074274934625,1.0,0.005714935614929976
