,WT_SPF,ASO_SPF,ASO_Fpr,Kruskal-Wallis
WT_SPF,1.0,0.03255717951587329,0.1946592525696268,0.0030316800791488348
ASO_SPF,0.03255717951587329,1.0,0.0003960575029155669,0.0030316800791488348
ASO_Fpr,0.1946592525696268,0.0003960575029155669,1.0,0.0030316800791488348
