,WT_SPF,ASO_SPF,ASO_Fpr,Kruskal-Wallis
WT_SPF,1.0,8.666641091698299e-08,0.04966884535157911,9.93940606253031e-06
ASO_SPF,8.666641091698299e-08,1.0,1.5002207046366324e-05,9.93940606253031e-06
ASO_Fpr,0.04966884535157911,1.5002207046366324e-05,1.0,9.93940606253031e-06
