,WT_SPF,ASO_SPF,ASO_Fpr,Kruskal-Wallis
WT_SPF,1.0,0.0032226233155599033,7.841242477867277e-05,0.0002290794032219133
ASO_SPF,0.0032226233155599033,1.0,0.22559476078459778,0.0002290794032219133
ASO_Fpr,7.841242477867277e-05,0.22559476078459778,1.0,0.0002290794032219133
