,WT_SPF,ASO_SPF,ASO_Fpr,Kruskal-Wallis
WT_SPF,1.0,8.245673618866568e-05,0.07039473607069509,0.0008947953838723295
ASO_SPF,8.245673618866568e-05,1.0,0.008302856013564968,0.0008947953838723295
ASO_Fpr,0.07039473607069509,0.008302856013564968,1.0,0.0008947953838723295
